user_id,name,email,gender
1,emilys,emily.johnson@x.dummyjson.com,female
2,michaelw,michael.williams@x.dummyjson.com,male
3,sophiab,sophia.brown@x.dummyjson.com,female
4,jamesd,james.davis@x.dummyjson.com,male
5,emmaj,emma.miller@x.dummyjson.com,female
6,oliviaw,olivia.wilson@x.dummyjson.com,female
7,alexanderj,alexander.jones@x.dummyjson.com,male
8,avat,ava.taylor@x.dummyjson.com,female
9,ethanm,ethan.martinez@x.dummyjson.com,male
10,isabellad,isabella.anderson@x.dummyjson.com,female
11,liamg,liam.garcia@x.dummyjson.com,male
12,miar,mia.rodriguez@x.dummyjson.com,female
13,noahh,noah.hernandez@x.dummyjson.com,male
14,charlottem,charlotte.lopez@x.dummyjson.com,female
15,williamg,william.gonzalez@x.dummyjson.com,male
16,averyp,avery.perez@x.dummyjson.com,female
17,evelyns,evelyn.sanchez@x.dummyjson.com,female
18,logant,logan.torres@x.dummyjson.com,male
19,abigailr,abigail.rivera@x.dummyjson.com,female
20,jacksone,jackson.evans@x.dummyjson.com,male
21,madisonc,madison.collins@x.dummyjson.com,female
22,elijahs,elijah.stewart@x.dummyjson.com,male
23,chloem,chloe.morales@x.dummyjson.com,female
24,mateon,mateo.nguyen@x.dummyjson.com,male
25,harpere,harper.kelly@x.dummyjson.com,female
26,evelyng,evelyn.gonzalez@x.dummyjson.com,female
27,danielc,daniel.cook@x.dummyjson.com,male
28,lilyb,lily.lee@x.dummyjson.com,female
29,henryh,henry.hill@x.dummyjson.com,male
30,addisonw,addison.wright@x.dummyjson.com,female
